title,director,cast,rating,duration_minutes,description,year,imdb_rating,imdb_votes
My Little Pony: A New Generation,"Robert Cullen, José Luis Ucha","Vanessa Hudgens, Kimiko Glenn, James Marsden, Sofia Carson, Liza Koshy, Ken Jeong, Elizabeth Perkins, Jane Krakowski, Michael McKean, Phil LaMarr",PG,91,"Equestria's divided. But a bright-eyed hero believes Earth Ponies, Pegasi and Unicorns should be pals — and, hoof to heart, she’s determined to prove it.",2021,6.8,4730
The Starling,Theodore Melfi,"Melissa McCarthy, Chris O'Dowd, Kevin Kline, Timothy Olyphant, Daveed Diggs, Skyler Gisondo, Laura Harrier, Rosalind Chao, Kimberly Quinn, Loretta Devine, Ravi Kapoor",PG-13,104,A woman adjusting to life after a loss contends with a feisty bird that's taken over her garden — and a husband who's struggling to find a way forward.,2021,6.4,15804
Je Suis Karl,Christian Schwochow,"Luna Wedler, Jannis Niewöhner, Milan Peschel, Edin Hasanović, Anna Fialová, Marlon Boess, Victor Boccard, Fleur Geffrier, Aziz Dyab, Mélanie Fouché, Elizaveta Maximová",TV-MA,127,"After most of her family is murdered in a terrorist bombing, a young woman is unknowingly lured into joining the very group that killed them.",2021,5.6,1624
Confessions of an Invisible Girl,Bruno Garotti,"Klara Castanho, Lucca Picon, Júlia Gomes, Marcus Bessa, Kiria Malheiros, Fernanda Concon, Gabriel Lima, Caio Cabral, Leonardo Cidade, Jade Cardozo",TV-PG,91,"When the clever but socially-awkward Tetê joins a new school, she'll do anything to fit in. But the queen bee among her classmates has other ideas.",2021,5.3,1438
Intrusion,Adam Salky,"Freida Pinto, Logan Marshall-Green, Robert John Burke, Megan Elisabeth Kelly, Sarah Minnich, Hayes Hargrove, Mark Sivertsen, Brandon Fierro, Antonio Valles, Clint Obenchain",TV-14,94,"After a deadly home invasion at a couple’s new dream house, the traumatized wife searches for answers — and learns the real danger is just beginning.",2021,5.3,22287
Go! Go! Cory Carson: Chrissy Takes the Wheel,"Alex Woo, Stanley Moore","Maisie Benson, Paul Killam, Kerry Gudjohnsen, AC Lim",TV-Y,61,"From arcade games to sled days and hiccup cures, Cory Carson’s curious little sister Chrissy speeds off on her own for fun and adventure all over town!",2021,,64
Ankahi Kahaniya,"Ashwiny Iyer Tiwari, Abhishek Chaubey, Saket Chaudhary","Abhishek Banerjee, Rinku Rajguru, Delzad Hiwale, Kunal Kapoor, Zoya Hussain, Nikhil Dwivedi, Palomi Ghosh",TV-14,111,"As big city life buzzes around them, lonely souls discover surprising sources of connection and companionship in three tales of love, loss and longing.",2021,5.6,1029
The Father Who Moves Mountains,Daniel Sandu,"Adrian Titieni, Elena Purea, Judith State, Valeriu Andriuță, Tudor Smoleanu, Virgil Aioanei, Radu Botar, Petronela Grigorescu, Bogdan Nechifor, Cristian Bota",TV-MA,110,"When his son goes missing during a snowy hike in the mountains, a retired intelligence officer will stop at nothing — and risk everything — to find him.",2021,5.6,4290
The Stronghold,Cédric Jimenez,"Gilles Lellouche, Karim Leklou, François Civil, Adèle Exarchopoulos, Kenza Fortas, Cyril Lecomte, Michaël Abiteboul, Idir Azougli, Vincent Darmuzey, Jean-Yves Berteloot",TV-MA,105,"Tired of the small-time grind, three Marseille cops get a chance to bust a major drug network. But lines blur when a key informant makes a big ask.",2020,6.9,14357
My Heroes Were Cowboys,Tyler Greco,,PG,23,"Robin Wiltshire's painful childhood was rescued by Westerns. Now he lives on the frontier of his dreams, training the horses he loves for the big screen.",2021,6.7,373
Nightbooks,David Yarovesky,"Winslow Fegley, Lidya Jewett, Krysten Ritter",TV-PG,103,Scary story fan Alex must tell a spine-tingling tale every night — or stay trapped with his new friend in a wicked witch's magical apartment forever.,2021,5.8,10842
Schumacher,"Hanns-Bruno Kammertöns, Vanessa Nöcker, Michael Wech",Michael Schumacher,TV-14,113,"Through exclusive interviews and archival footage, this documentary traces an intimate portrait of seven-time Formula 1 champion Michael Schumacher.",2021,7.4,26033
A StoryBots Space Adventure,David A. Vargas,"Evan Spiridellis, Erin Fitzgerald, Jeff Gill, Fred Tatasciore, Evan Michael Lee, Jared Isaacman, Sian Proctor, Chris Sembroski, Hayley Arceneaux",TV-Y,13,Join the StoryBots and the space travelers of the historic Inspiration4 mission as they search for answers to kids' questions about space.,2021,,20
You vs. Wild: Out Cold,Ben Simms,"Bear Grylls, Jason Derek Prempeh",TV-G,106,"After a plane crash leaves Bear with amnesia, he must make choices to save the missing pilot and survive in this high-stakes interactive adventure.",2021,5.4,457
Kate,Cedric Nicolas-Troyan,"Mary Elizabeth Winstead, Jun Kunimura, Woody Harrelson, Tadanobu Asano, Miyavi, Michiel Huisman, Miku Martineau",R,106,"Slipped a fatal poison on her final job, a ruthless assassin working in Tokyo has less than 24 hours to find out who ordered the hit and exact revenge.",2021,6.2,72416
Prey,Thomas Sieben,"David Kross, Hanno Koffler, Maria Ehrich, Robert Finster, Yung Ngo, Klaus Steinbacher, Livia Matthes, Nellie Thalbach",TV-MA,87,A hiking trip into the wild turns into a desperate bid for survival for five friends on the run from a mysterious shooter.,2022,7.1,243640
Blood Brothers: Malcolm X & Muhammad Ali,Marcus Clarke,"Malcolm X, Muhammad Ali",PG-13,96,"From a chance meeting to a tragic fallout, Malcolm X and Muhammad Ali's extraordinary bond cracks under the weight of distrust and shifting ideals.",2021,6.9,1255
The Women and the Murderer,"Mona Achache, Patricia Tourancheau",,TV-14,92,This documentary traces the capture of serial killer Guy Georges through the tireless work of two women: a police chief and a victim's mother.,2021,6.4,1629
JJ+E,Alexis Almström,"Elsa Öhrn, Mustapha Aarab, Jonay Pineda Skallak, Magnus Krepper, Loreen, Albin Grenholm, Simon Mezher, Elsa Bergström Terent, Josef Kadim, Yohannes Frezgi",TV-MA,91,"Elisabeth and John-John live in the same city, but they inhabit different worlds. Can a passionate first love break through class and cultural barriers?",2021,5.4,2555
Untold: Breaking Point,"Chapman Way, Maclain Way",,TV-MA,80,"Under pressure to continue a winning tradition in American tennis, Mardy Fish faced mental health challenges that changed his life on and off the court.",2021,7.6,3394
Worth,Sara Colangelo,"Michael Keaton, Stanley Tucci, Amy Ryan, Shunori Ramanathan, Ato Blankson-Wood, Tate Donovan, Laura Benanti, Chris Tardio",PG-13,119,"In the wake of the Sept. 11 attacks, a lawyer faces an emotional reckoning as he attempts to put a dollar value on the lives lost. Based on real events.",2020,6.8,19526
Afterlife of the Party,Stephen Herek,"Victoria Justice, Midori Francis, Robyn Scott, Adam Garcia, Timothy Renouf, Gloria Garcia, Myfanwy Waring, Spencer Sutherland",TV-PG,110,Cassie lives to party... until she dies in a freak accident. Now this social butterfly needs to right her wrongs on Earth if she wants to earn her wings.,2021,5.8,11032
Final Account,Luke Holland,,PG-13,94,This documentary stitches together never-before-seen interviews with the last living generation of people who participated in Hitler's Third Reich.,2020,7.3,1791
He's All That,Mark Waters,"Addison Rae, Tanner Buchanan, Rachael Leigh Cook, Madison Pettis, Isabella Crovetti, Matthew Lillard, Peyton Meyer, Annie Jacob, Myra Molloy, Kourtney Kardashian",TV-14,92,"An influencer specializing in makeovers bets she can transform an unpopular classmate into prom king in this remake of the teen classic ""She's All That.""",2021,4.4,29788
SAS: Rise of the Black Swan,Magnus Martens,"Sam Heughan, Ruby Rose, Andy Serkis, Hannah John-Kamen, Tom Wilkinson, Tom Hopper, Noel Clarke, Anne Reid, Owain Yeoman, Jing Lusi, Ray Panthaki, Richard McCabe, Douglas Reith",R,124,"A special forces operative traveling from London to Paris with his girlfriend takes action when armed, ruthless mercenaries seize control of their train.",2021,5.3,22134
"Bob Ross: Happy Accidents, Betrayal & Greed",Joshua Rofé,Bob Ross,TV-14,93,Bob Ross brought joy to millions as the world’s most famous art instructor. But a battle for his business empire cast a shadow over his happy trees.,2021,6.9,6911
The River Runner,Rush Sturges,,TV-MA,86,"In this documentary, a kayaker sets out to become the first man to paddle the four great rivers that flow from Tibet's sacred Mount Kailash.",2021,6.9,2116
The Water Man,David Oyelowo,"David Oyelowo, Rosario Dawson, Lonnie Chavis, Amiah Miller, Alfred Molina, Maria Bello",PG,92,"Desperate to save his ailing mother, 11-year-old Gunner runs away from home on a quest to find a mythic figure rumored to have the power to cheat death.",2020,5.6,4735
Count Me In,Mark Lo,,TV-MA,82,This documentary features some of rock's greatest drummers as they come together in an inspiring rhythmic journey about the power of human connection.,2021,6.8,2303
Untold: Caitlyn Jenner,Crystal Moselle,,TV-PG,70,Caitlyn Jenner's unlikely path to Olympic glory was inspirational. But her more challenging road to embracing her true self proved even more meaningful.,2021,6.5,2981
Boomika,Rathindran R Prasad,"Aishwarya Rajesh, Vidhu, Surya Ganapathy, Madhuri, Pavel Navageethan, Avantika Vandanapu",TV-14,122,"Paranormal activity at a lush, abandoned property alarms a group eager to redevelop the site, but the eerie events may not be as unearthly as they think.",2021,5.0,2738
The Witcher: Nightmare of the Wolf,Han Kwang Il,"Theo James, Mary McDonnell, Lara Pulver, Graham McTavish, Tom Canton, David Errigo Jr, Jennifer Hale, Kari Wahlgren, Matt Yang King, Darryl Kurylo, Keith Ferguson",TV-MA,84,"Escaping from poverty to become a witcher, Vesemir slays monsters for coin and glory, but when a new menace rises, he must face the demons of his past.",2021,7.2,52336
Man in Love,Yin Chen-hao,"Roy Chiu, Ann Hsu, Tsai Chen-nan, Chung Hsin-ling, Lan Wei-hua, Peace Yang, Huang Lu Tz-yin",TV-MA,115,"When he meets a debt-ridden woman who's caring for her ailing father, a debt collector with a heart of gold sets out to win her love.",2021,7.1,3602
Sweet Girl,Brian Andrew Mendoza,"Jason Momoa, Isabela Merced, Manuel Garcia-Rulfo, Amy Brenneman, Adria Arjona, Raza Jaffrey, Justin Bartha, Lex Scott Davis, Michael Raymond-James",R,110,"He lost the love of his life to a pharmaceutical company's greed. Now his daughter is without a mother, and he's without justice. For now.",2021,5.5,36296
The Loud House Movie,Dave Needham,"Asher Bishop, David Tennant, Michelle Gomez, Jill Talley, Brian Stepanek, Catherine Taber, Liliana Mumy, Nika Futterman, Cristina Pucelli, Jessica DiCicco, Grey Griffin, Lara Jill Miller",TV-Y7,88,"With his parents and all 10 sisters in tow, Lincoln Loud heads to Scotland and learns that royalty runs in the family in this global musical journey!",2021,6.1,3042
Black Island,Miguel Alexandre,"Philip Froissant, Alice Dwyer, Hanns Zischler, Mercedes Müller, Sammy Scheuritzel, Lieselotte Voß, Katharina Schütz, Jodie Leslie Ahlborn, Marco Wittorf, Ilknur Boyraz",TV-MA,105,The dark secrets of a seemingly peaceful island threaten to swallow up an orphaned student when he grows close to a mysterious new teacher.,2021,5.2,3495
Memories of a Murderer: The Nilsen Tapes,Michael Harte,,TV-MA,86,Serial killer Dennis Nilsen narrates his life and horrific crimes via a series of chilling audiotapes recorded from his jail cell.,2021,6.3,4428
The Secret Diary of an Exchange Student,Bruno Garotti,"Larissa Manoela, Thati Lopes, Bruno Montaleone, David Sherod James, Maiara Walsh, Flávia Garrafa, Kathy-Ann Hart, Ray Faiola, Noa Graham",TV-14,97,"Looking to shake things up, two best friends embark on a life-changing adventure abroad as exchange students. But can they stay out of trouble?",2021,5.4,1114
Beckett,Ferdinando Cito Filomarino,"John David Washington, Boyd Holbrook, Alicia Vikander, Vicky Krieps, Lena Kitsopoulou, Panos Koronis, Maria Votti",TV-MA,110,An American tourist goes on the run in Greece after a tragic accident plunges him into a political conspiracy that makes him a target for assassination.,2021,5.7,29244
Lokillo: Nothing's the Same,Julián Gaviria,Lokillo Florez,TV-MA,64,"Through songs and puns, comedian Lokillo Florez hilariously reviews how Latin Americans have adjusted to a new world where no-hugging policies prevail.",2021,5.0,64
Monster Hunter: Legends of the Guild,Steven Yamamoto,"Ben Rausch, Erica Lindbeck, Dante Basco, Brando Eaton, Stephen Kramer Glickman, Caroline Caliston, G.K. Bowes, Dan McCoy",TV-PG,59,"In a world where humans and fearsome monsters live in an uneasy balance, young hunter Aiden fights to save his village from destruction by a dragon.",2021,5.2,1554
Misha and the Wolves,Sam Hobkinson,,PG-13,90,"As a little girl, she escaped the Holocaust and lived among wolves. Or did she? An extraordinary story elicits sympathy — then draws scrutiny.",2021,6.7,3436
The Kissing Booth 3,Vince Marcello,"Joey King, Joel Courtney, Jacob Elordi, Molly Ringwald, Taylor Zakhar Perez, Maisie Richardson-Sellers, Meganne Young, Stephen Jennings",TV-14,114,"Determined to make the most of her final summer before college, Elle plans the ultimate bucket list as she navigates what comes next with Noah and Lee.",2021,4.8,23866
Untold: Malice at the Palace,Floyd Russ,,TV-MA,70,"Key figures from an infamous 2004 incident between players and fans at an NBA game in Michigan discuss the fight, its fallout and its lasting legacy.",2021,7.5,9658
Slay,Adze Ugah,"Enhle Mbali, Ramsey Nouah, Dawn Thandeka Kang, Idris Sultan, Tumi Morake, Trevor Gumbi, Lillian Dube, Kaly Bossy Asante, Shaleen Surtie, Fabian Lojege",TV-MA,86,"In pursuit of both success and validation, a group of tech-savvy individuals juggle intimate encounters, first impressions and romantic opportunities.",2024,6.6,846
The Paper Tigers,Quoc Bao Tran,"Alain Uy, Ron Yuan, Mykel Shannon Jenkins, Jae Suh Park, Matthew Page, Joziah Lagonoy, Raymond Ma",PG-13,111,"After reuniting as middle-aged men, three kung-fu prodigies must set their differences aside and dust off their skills to avenge their beloved mentor.",2020,6.3,5439
The Swarm,Just Philippot,"Suliane Brahim, Sofian Khammes, Marie Narbonne, Raphaël Romand, Stéphan Castang, Victor Bonnel, Christian Bouillette, Renan Prévot, Vincent Deniard",TV-14,102,"A single mother breeds locusts as high-protein food, but has trouble getting them to reproduce — until she finds they have a taste for blood.",1978,4.5,8840
Vivo,"Kirk DeMicco, Brandon Jeffords","Lin-Manuel Miranda, Ynairaly Simo, Zoe Saldana, Juan de Marcos, Brian Tyree Henry, Gloria Estefan, Michael Rooker, Nicole Byer",PG,100,A music-loving kinkajou embarks on the journey of a lifetime to fulfill his destiny and deliver a love song for an old friend.,2021,6.7,22323
Lady Boss: The Jackie Collins Story,Laura Fairrie,Jackie Collins,TV-14,97,"""Queen of Sleaze"" or feminist pioneer? Powerhouse novelist Jackie Collins created a brash sex-positive persona while hiding her private struggles.",2021,6.9,502
Aftermath,Peter Winther,"Ashley Greene, Shawn Ashmore, Sharif Atkins, Britt Baron, Diana Hopper, Ross McCall, Jamie Kaler, Travis Coles, Susan Walters, Jason Liles",TV-MA,115,"Desperate to save their marriage, a young couple takes a deal and moves into their dream home, but disturbing events reveal the house's troubled history.",2017,5.7,27469
Pray Away,Kristine Stolakis,,PG-13,102,"Ex-leaders and a survivor of the so-called ""conversion therapy"" movement speak out about its harm to the LGBTQ+ community and its devastating persistence.",2021,6.5,3654
Shiny_Flakes: The Teenage Drug Lord,"Eva Müller, Michael Schmitt",Maximilian Schmidt,TV-MA,97,"Max S. reveals how he built a drug empire from his childhood bedroom in this story that inspired the series ""How to Sell Drugs Online (Fast).""",2021,7.3,6029
The Vault,Jaume Balagueró,"Freddie Highmore, Astrid Bergès-Frisbey, Sam Riley, Liam Cunningham, José Coronado, Luis Tosar, Emilio Gutiérrez Caba, Axel Stein, Daniel Holguín, Famke Janssen",R,118,A genius engineer and his crew of amateur thieves plot a scheme to seize a legendary lost treasure hidden in a fortress beneath the Bank of Spain.,2021,6.4,33351
The Last Mercenary,David Charhon,"Jean-Claude Van Damme, Alban Ivanov, Éric Judor, Patrick Timsit, Miou-Miou, Assa Sylla, Samir Decazza, Valérie Kaprisky, Djimo, Nassim Lyes",TV-MA,112,A legendary secret agent-turned-mercenary comes out of hiding to save the son he's never met. Learning how to be a dad may be his toughest mission yet.,2021,5.3,10036
Resort to Love,Steven Tsuchida,"Christina Milian, Jay Pharoah, Sinqua Walls, Tymberlee Hill, Jeryl Prescott Gallien, Christiani Pitts, Karen Obilom, Alexander Hodge, T.J. Power, Sylvaine Strike, Kayne Lee Harrison",TV-14,102,"Reeling from a broken heart and career meltdown, a singer takes a gig at a swanky island resort — where her ex-fiancé happens to be getting married.",2021,5.7,6936
Bartkowiak,Daniel Markowicz,"Józef Pawłowski, Zofia Domalik, Szymon Bobrowski, Bartłomiej Topa, Janusz Chabior, Rafał Zawierucha, Antoni Pawlicki, Cezary Łukaszewicz, Danuta Stenka, Jan Frycz, Damian Majewski",TV-MA,92,"After his brother dies in a car crash, a disgraced MMA fighter takes over the family nightclub — and soon learns his sibling's death wasn’t an accident.",2021,5.1,1473
Hostage House,David Benullo,"Jennifer Taylor, Justin Schilling, Emily Sweet, Julia Terranova, Patrick Cronen, Richard Neil",TV-14,86,"A realtor and her daughter get taken captive by two fugitive criminals during an open house, forcing her to find creative ways to ensure their survival.",2021,3.9,1044
Mimi,Laxman Utekar,"Kriti Sanon, Pankaj Tripathi, Sai Tamhankar, Manoj Pahwa, Supriya Pathak, Evelyn Edwards",TV-14,132,"An aspiring actress in a small town agrees to bear a child for a visiting couple seeking a surrogate mother, but her experience takes unexpected turns.",2021,7.8,44290
African America,Muzi Mthembu,"Phumelele Mthembu, Anthony Goss, Thami Buti, Makhosazana Ndlovu, Zandile Lujabe, Gontse Ntshegang, Roget Ellis, Bridget Pike, Boipelo Nokukhanya Tau, James Raynolds, Nji Alain, Bongani Dlamin",TV-MA,97,A disgruntled South African woman leaves her fiancé and embezzles money from her job to pursue her dream of being a Broadway star in New York City.,2021,5.8,77
Bankrolled,Marcos Bucay,"Aldo Escalante, Ricardo Polanco, Natalia Téllez, Fabrizio Santini, SeoJu Park, María Chacón, Giuseppe Gamba, Sebastián Zurita",TV-MA,97,Two directionless millennial bros get high and pitch a bold new social justice app that raises millions. Then they have to come up with the app.,2021,4.2,357
Blood Red Sky,Peter Thorwarth,"Peri Baumeister, Alexander Scheer, Kais Setti, Carl Koch, Gordon Brown, Roland Møller, Chidi Ajufo, Kai Ivo Baulitz, Graham McTavish, Dominic Purcell",TV-MA,123,"When a group of terrorists hijacks an overnight transatlantic flight, a mysteriously ill woman must unleash a monstrous secret to protect her young son.",2021,6.1,57154
Kingdom: Ashin of the North,Kim Seong-hun,"Gianna Jun, Park Byung-eun, Kim Si-a, Kim Roi-ha, Koo Kyo-hwan",TV-MA,94,"Tragedy, betrayal and a mysterious discovery fuel a woman's vengeance for the loss of her tribe and family in this special episode of ""Kingdom.""",2021,6.9,14021
Cousins,"Ainsley Gardiner, Briar Grace-Smith","Rachel House, Briar Grace-Smith, Tanea Heke, Tioreore Ngatai-Melbourne, Ana Scotney, Hariata Moriarty, Chelsie Preston Crayford, Sylvia Rands",TV-MA,99,"Separated as children, three cousins with an unshakeable bond confront their painful pasts and embark on an emotional journey to find each other.",1989,6.4,5200
Words Bubble Up Like Soda Pop,Kyohei Ishiguro,"Somegoro Ichikawa, Hana Sugisaki, Megumi Han, Natsuki Hanae, Yuuichirou Umehara, Megumi Nakajima, Sumire Morohoshi, Hiroshi Kamiya, Maaya Sakamoto, Koichi Yamadera, Kikuko Inoue",TV-G,87,"After meeting one bright, sunny day, a shy boy who expresses himself through haiku and a bubbly but self-conscious girl share a brief, magical summer.",2020,6.8,5885
Trollhunters: Rise of the Titans,"Johane Matte, Andrew L. Schmidt, Francisco Ruiz Velasco","Emile Hirsch, Lexi Medrano, Charlie Saxton, Kelsey Grammer, Fred Tatasciore, Steven Yeun, Cole Sand, Amy Landecker, Jonathan Hyde, Thomas F. Wilson, Lauren Tom, Diego Luna, Tatiana Maslany, Nick Offerman, Nick Frost, Colin O'Donoghue, Alfred Molina, Piotr Michael, Kay Bess, Angel Lin, James Hong",TV-Y7,106,"Heroes from ""Trollhunters,"" ""3Below"" and ""Wizards"" join forces to fight a shadowy enemy threatening to take over their worlds — and reset Earth itself.",2021,6.6,6532
The Tambour of Retribution,Abdulaziz Alshlahei,"Faisal Al Dokhei, Adwa Fahad, Muhand Alsaleh, Rawya Ahmed, Ajeba Aldosary, Aly Ibrahim, Samer Elkhal, Hashem Hawsawi, Ibrahim Mesisebi, Shabib Alkhaleefa, Abdulateif Saud, Nada Alshehry, Dhay Nasser",TV-14,91,"In an impoverished neighborhood, the son of a swordsman falls in love with the daughter of a wedding singer — a taboo match in a traditional society.",2020,6.8,1384
Cosmic Sin,Edward Drake,"Frank Grillo, Bruce Willis, Brandon Thomas Lee, Corey Large, Perrey Reeves, C.J. Perry, Lochlyn Munro, Costas Mandylor, Adelaide Kane, Eva De Dominici, Sarah May Sommers, Trevor Gretzky",R,88,"In the year 2524, a disgraced retired general is called back into combat to help prevent an interstellar war against a hostile alien fleet.",2021,2.5,15486
Deep,"Sita Likitvanichkul, Jetarin Ratanaserikiat, Apirak Samudkitpaisan, Thanabodee Uawithya, Adirek Wattaleela","Panisara Rikulsurakan, Kay Lertsittichai, Supanaree Sutavijitvong, Krit Jeerapattananuwong, Warisara Jitpreedasakul, Dujdao Vadhanapakorn, Kim Waddoup, Philaiwan Khamphirathat, Wongsakorn Rassamitat, Bhumibhat Thavornsiri",TV-MA,101,Four insomniac med school students are lured into a neuroscience experiment that spirals out of control — and must find a way out before it’s too late.,2021,4.9,1904
A Perfect Fit,Hadrah Daeng Ratu,"Nadya Arina, Refal Hady, Giorgino Abraham, Anggika Bolsterli, Laura Theux, Christine Hakim, Unique Priscilla, Karina Suwandi, Mathias Muchus, Ayu Laksmi, I Made Sidia, Dominique Sanda, Bryan Domani, Wafda Saifan, Yayu Unru, Dave Hendrik",TV-PG,113,"Sparks fly when a fashion blogger in Bali meets a gifted shoemaker, leading her to question her commitment to her fiancé.",2021,5.4,740
Emicida: AmarElo - Live in São Paulo,Fred Ouro Preto,Emicida,TV-MA,100,"Brazilian rapper Emicida brings his progressive rhymes and eclectic beats to São Paulo's Theatro Municipal as he performs hits from the album ""AmarElo.""",2021,,69
Lift Like a Girl,Mayye Zayed,,TV-PG,93,"With the guidance of her relentless coach, a teen weightlifter emerges from a scrappy training camp in Egypt to compete at the championship level.",2020,7.7,243
My Amanda,Alessandra de Rossi,"Piolo Pascual, Alessandra de Rossi, KC Montero, Alex Medina, Jess Mendoza, Helga Krapf, Joyce Ann Burton, Luz Valdez",TV-14,90,"Two unusually close friends share every aspect of their lives together. As their lives evolve, their bond remains the only constant.",2021,5.8,389
A Classic Horror Story,"Roberto De Feo, Paolo Strippoli","Matilda Lutz, Francesco Russo, Peppino Mazzotta, Will Merrick, Yuliia Sobol, Alida Baldari Calabria, Cristina Donadio, Francesca Cavallin",TV-MA,95,"In this gruesome suspense film, strangers traveling in southern Italy become stranded in the woods, where they must fight desperately to get out alive.",2021,5.7,22810
Gunpowder Milkshake,Navot Papushado,"Karen Gillan, Lena Headey, Carla Gugino, Chloe Coleman, Michelle Yeoh, Angela Bassett, Paul Giamatti, Ralph Ineson, Adam Nagaitis, Michael Smiley, Freya Allan",R,115,"When an assassin veers off mission to rescue a child, she triggers a war with a powerful crime syndicate — and reunites a gun-wielding sisterhood.",2021,6.1,53616
Private Network: Who Killed Manuel Buendía?,Manuel Alcalá,Daniel Giménez Cacho,TV-MA,100,A deep dive into the work of renowned Mexican journalist Manuel Buendía looks to unravel his murder and the ties between politics and drug trafficking.,2021,6.8,268
The Guide to the Perfect Family,Ricardo Trogi,"Louis Morissette, Émilie Bierre, Catherine Chabot, Xavier Lebel, Isabelle Guérard, Gilles Renaud, Alexandre Goyette, Jean-Carl Boucher, Louise Portal",TV-MA,102,"A couple in Québec deals with the pitfalls, pressure and high expectations of raising kids in a society obsessed with success and social media image.",2021,6.4,2024
Day of Destiny,"Akay Mason, Abosi Ogba","Olumide Oworu, Denola Grey, Gbemi Akinlade, Jide Kosoko, Ireti Doyle, Norbert Young, Toyin Abraham, Blossom Chukwujekwu, Broda Shaggi, Ini Dima-Okojie, Deyemi Okanlawon",TV-PG,110,"With their family facing financial woes, two teen brothers seize an opportunity to reverse their bad fortunes by traveling 20 years back in time.",2021,4.9,71
Last Summer,,"Fatih Şahin, Ece Çeşmioğlu, Halit Özgür Sarı, Aslıhan Malbora, Eray Ertüren, Eren Ören, Ozan Kaya Oktu, Talha Öztürk, Merve Nur Bengi, Sümeyye Aydoğan",TV-MA,102,"During summer vacation in a beachside town, 16-year-old Deniz seeks the affection of his childhood crush and navigates a love triangle.",2021,8.0,4412
Lee Su-geun: The Sense Coach,Kim Joo-hyung,Lee Su-geun,TV-G,46,"Lee Su-geun's rise to Korean comedy stardom went hand in hand with his mastery over picking up social cues. Now, he's ready to share his know-hows.",2021,4.3,44
Lethal Love,Avi Federgreen,"David Pinard, Joelle Farrow, Torri Higginson, Tommie-Amber Pirie",TV-14,89,"After a business owner starts receiving online threats, doubts and paranoia creep in when she reconnects with a former flame and meets a new client.",2021,4.4,284
Major Grom: Plague Doctor,Oleg Trofim,"Tikhon Zhiznevskiy, Lyubov Aksyonova, Alexei Maklakov, Aleksandr Seteykin, Sergei Goroshko, Dmitriy Chebotarev, Mikhail Evlanov, Oleg Chugunov, Vitali Khayev, Anton Bogdanov, Nikita Kologrivy, Yuriy Nasonov",TV-MA,138,"When a masked vigilante’s killing spree throws a city into chaos, a renegade detective and his rookie partner are the only ones who can stop it.",2021,6.3,14149
Haseen Dillruba,Vinil Mathew,"Taapsee Pannu, Vikrant Massey, Harshvardhan Rane, Aditya Srivastava, Ashish Verma, Yamini Das, Daya Shankar Pandey",TV-MA,136,"Under investigation as a suspect in her husband’s murder, a wife reveals details of their thorny marriage that seem to only further blur the truth.",2021,6.9,32650
The 8th Night,Kim Tae-hyung,"Lee Sung-min, Park Hae-joon, Kim You-jung, Nam Da-reum, Choi Jin-ho, Kim Dong-yeong, Lee Eal",TV-14,116,"With prayer beads in one hand and an ax in the other, a monk hunts down a millennia-old spirit that's possessing humans and unleashing hell on Earth.",2021,5.3,4765
Audible,Matt Ogens,,PG-13,39,"Shaken by a friend's suicide, a Deaf high school football player copes with family and relationships while anticipating his final homecoming game.",2021,6.7,2660
Dynasty Warriors,Chow Hin Yeung Roy,"Wang Kai, Louis Koo, Han Geng, Tony Yang, Carina Lau, NaZha, Lam Suet, Justin Cheung, Ray Lui, Yuan Wenkang",TV-14,118,"Warlords, warriors and statesmen wage a battle for supremacy in this fantasy tale based on the hit video games and the ""Romance of the Three Kingdoms.""",2021,4.8,2639
America: The Motion Picture,Matt Thompson,"Channing Tatum, Jason Mantzoukas, Olivia Munn, Andy Samberg, Bobby Moynihan, Judy Greer, Will Forte, Raoul Trujillo, Killer Mike, Simon Pegg",TV-MA,98,A chainsaw-wielding George Washington teams with beer-loving bro Sam Adams to take down the Brits in a tongue-in-cheek riff on the American Revolution.,2021,5.6,7606
Mommy Issues,Jose Javier Reyes,"Pokwang, Sue Ramirez, Jerome Ponce, Ryan Bang, Gloria Diaz",TV-MA,90,Close quarters and new romances add trouble to the rocky relationship between a high-strung young woman and her demanding mother.,2021,5.3,50
Prime Time,Jakub Piątek,"Bartosz Bielenia, Magdalena Popławska, Andrzej Kłak, Małgorzata Hajewska, Dobromir Dymecki, Monika Frajczyk, Cezary Kosiński, Adam Nawojczyk, Juliusz Chrząstowski",TV-MA,92,"On New Year’s Eve 1999, an armed man enters a TV studio during a broadcast, takes the host hostage and makes one demand: to give a message live on air.",2021,5.2,2028
The Ice Road,Jonathan Hensleigh,"Liam Neeson, Benjamin Walker, Amber Midthunder, Marcus Thomas, Laurence Fishburne, Holt McCallany, Martin Sensmeier, Matt McCoy, Matt Salinger",PG-13,109,"To save a team of miners trapped underground, a down-on-his-luck ice road trucker joins a mission across treacherous terrain to deliver rescue equipment.",2021,5.6,51044
Sisters on Track,,,PG,97,Three track star sisters face obstacles in life and in competition as they pursue Junior Olympic dreams in this extraordinary coming of age journey.,2021,6.1,240
The Seventh Day,Justin P. Lange,"Guy Pearce, Vadhir Derbez, Stephen Lang, Brady Jenness, Chris Galust, Robin Bartlett, Heath Freeman, Keith David",R,87,An inexperienced priest teams up with a hardened exorcist to stop the demonic possession of a young boy. But darkness lies where they least expect it.,2021,4.5,5777
Good on Paper,Kimmy Gatewood,"Iliza Shlesinger, Ryan Hansen, Margaret Cho, Rebecca Rittenhouse, Matt McGorry, Tyler Cameron, Taylor Hill, Kimia Behpoornia, Rebecca Delgado Smith, Beth Dover",TV-MA,94,"After years of putting her career first, a stand-up comic meets a guy who seems perfect: smart, nice, successful... and possibly too good to be true.",2021,5.6,14310
Murder by the Coast,Tània Balló,,TV-14,89,"In 1999, teen Rocío Wanninkhof is murdered. Her mother's ex-partner, Dolores Vázquez, is suspected. Did she do it? A second victim reveals the truth.",2021,6.5,2587
The House of Flowers: The Movie,Manolo Caro,"Cecilia Suárez, Aislinn Derbez, Darío Yazbek, Juan Pablo Medina, Paco León, Angélica María, Norma Angélica, Luis De La Rosa, Isabel Burr, Tiago Correa, Tessa Ia, Christian Chávez, Javier Jattin, Paco Rueda, Emilio Cuaik, Andrea Chaparro, David Ostrosky, Ximena Sariñana",TV-MA,88,The De La Mora siblings concoct a mischievous plan to break into their old family home to retrieve a hidden treasure of significant importance.,2021,5.5,1032
A Family,Michihito Fujii,"Go Ayano, Hiroshi Tachi, Machiko Ono, Yukiya Kitamura, Hayato Ichihara, Hayato Isomura, Shun Sugata, Suon Kan, Ryutaro Ninomiya, Taro Suruga, Ryo Iwamatsu, Kosuke Toyohara, Shinobu Terajima",TV-MA,135,"Taken in by the yakuza at a young age, Kenji swears allegiance to his old-school boss, pledging to adhere to the family code amid ever-changing times.",2010,6.6,1344
Fatherhood,Paul Weitz,"Kevin Hart, Alfre Woodard, Lil Rel Howery, DeWanda Wise, Frankie Faison, Anthony Carrigan, Paul Reiser, Melody Hurd",PG-13,111,"A widowed new dad copes with doubts, fears, heartache and dirty diapers as he sets out to raise his daughter on his own. Inspired by a true story.",2021,6.6,44036
Jagame Thandhiram,Karthik Subbaraj,"Dhanush, Aishwarya Lekshmi, James Cosmo, Joju George, Kalaiyarasan",TV-MA,159,"When a clever, carefree gangster is recruited to help an overseas crime lord take down a rival, he is caught off guard by the moral dilemmas that follow.",2021,5.8,12585
Security,Peter Chelsom,"Marco D'Amore, Maya Sansa, Silvio Muccino, Valeria Bilello, Ludovica Martino, Giulio Pranno, Tommaso Ragno, Beatrice Grannò, Antonio Zavatteri, Anna Della Rosa, Fabrizio Bentivoglio",TV-MA,119,"After the assault of a young woman in their seaside town, a security expert and his family get caught in a powerful riptide of secrets and lies.",2017,5.7,23624
Headspace: Unwind Your Mind,,"Andy Puddicombe, Evelyn Lewis Prieto, Ginger Daniels, Darren Pettie, Simon Prebble, Rhiannon Mcgavin, Kate Seftel",TV-G,273,"Do you want to relax, meditate or sleep deeply? Personalize the experience according to your mood or mindset with this Headspace interactive special.",2021,7.2,218
The Reason I Jump,Jerry Rothwell,,TV-14,82,The diverse experiences and emotions of five young people with autism fuel this illuminating documentary based on Naoki Higashida's bestselling memoir.,2020,7.4,1174
The Devil Below,Bradley Parker,"Alicia Sanz, Will Patton, Jonathan Sadowski, Adan Canto, Zach Avery, Chinaza Uche, Jesse LaTourette",TV-MA,89,"When a team of researchers tries to find out what started a fire in a coal mine, they quickly discover that the disaster is anything but natural.",2021,4.3,5951
Sarbath,Prabhakaran,"Kathir, Soori, Rahasya Gorak, Ashvatt",TV-PG,113,"When a city man returns to his native village for his brother’s wedding, several unforeseen snags make his visit more eventful than anticipated.",2021,5.7,302
Skater Girl,Manjari Makijany,"Rachel Saanchita Gupta, Amy Maghera, Shafin Patel, Ambrish Saxena, Swati Das, Jonathan Readwin, Ankit Yadav, Anurag Arora, Vinayak Gupta, Vivek Yadav, Waheeda Rehman",PG,110,"When a teen in rural India discovers a life-changing passion for skateboarding, she faces a rough road as she follows her dream to compete.",2021,6.7,5069
Trese After Dark,,,TV-14,36,"Stars and creators gather to discuss “Trese,” from its Filipino folklore inspirations to the comic’s beginnings and its journey to an anime series.",2021,,39
Wish Dragon,Chris Appelhans,"Jimmy Wong, John Cho, Constance Wu, Will Yun Lee, Bobby Lee, Jimmy O. Yang, Ian Chen",PG,102,Determined teen Din is longing to reconnect with his childhood best friend when he meets a wish-granting dragon who shows him the magic of possibilities.,2021,7.2,35402
Camellia Sisters,"Bao Nhan, Namcito","Le Khanh, Kaity Nguyen, Hong Van, Khuong Le, Hoang Dung, Anh Dung, Si Nguyen, Huyng Kien An",TV-MA,117,Tensions rise and untold secrets surface for three royal sisters when a family treasure is stolen the night before an antique auction.,2021,6.8,191
Awake,Mark Raso,"Gina Rodriguez, Ariana Greenblatt, Frances Fisher, Jennifer Jason Leigh, Barry Pepper, Shamier Anderson, Finn Jones, Lucius Hoyos, Gil Bellows",TV-MA,97,"After a global event wipes out humanity's ability to sleep, a troubled ex-soldier fights to save her family as society and her mind spiral into chaos.",2007,6.5,82099
Tragic Jungle,Yulene Olaizola,"Indira Andrewin, Gilberto Barraza, Gabino Rodríguez, Eligio Meléndez, Mariano Tun Xool, Dale Carley, José Alfredo González Dzul, Eliseo Mancilla De La Cruz",TV-MA,97,"To escape an arranged marriage, a woman flees into the depths of the Mayan jungle, where untamed nature merges the human and the supernatural.",2020,5.6,1145
Kitty Love: An Homage to Cats,,Nicolette Kluijver,TV-G,61,"Famous feline Abatutu presents this charming celebration of cats, showcasing their finest and friskiest moments with a collection of home videos.",2020,5.2,607
Sweet & Sour,Lee Kae-byeok,"Jang Ki-yong, Chae Soo-bin, Jung Soo-jung",TV-14,103,"Faced with real-world opportunities and challenges, a couple endures the highs and lows of trying to make a long-distance relationship survive.",2021,6.6,3572
Trippin' with the Kandasamys,Jayan Moodley,"Jailoshini Naidoo, Maeshni Naicker, Madhushan Singh, Mishqah Parthiephal, Koobeshan Naidoo, Yugan Naidoo, Mariam Bassa, Uraysha Ramrachia",TV-14,94,"To rekindle their marriages, best friends-turned-in-laws Shanthi and Jennifer plan a couples' getaway. But it comes with all kinds of surprises.",2021,5.3,454
Xtreme,Daniel Benmayor,"Teo García, Óscar Jaenada, Óscar Casas, Andrea Duro, Sergio Peris-Mencheta, Alberto Jo Lee, Luis Zahera, Andrés Herrera, Nao Albet, César Bandera, Isa Montalbán",TV-MA,112,"In this fast-paced and action-packed thriller, a retired hitman — along with his sister and a troubled teen — takes revenge on his lethal stepbrother.",2021,5.8,5294
Alan Saldaña: Locked Up,Alex Díaz,Alan Saldaña,TV-MA,49,"Mexican comedian Alan Saldaña is back, poking gentle fun at himself and parceling advice, especially about how to stay married and how to be parents.",2021,,34
Dancing Queens,Helena Bergström,"Molly Nutley, Fredrik Quiñones, Marie Göranzon, Mattias Nordkvist, Claes Malmberg, Christopher Wollter, Emil Almén, Razmus Nyström, André Christenson, Louie Indriana, Max Ulveson",TV-MA,111,"A dancer who gets a job cleaning at a struggling drag club dreams of being in the show, and her talent catches an ambitious choreographer's eye.",2021,5.8,2232
Myriam Fares: The Journey,Myriam Fares,Myriam Fares,TV-14,72,"From pregnancy to album preparations, Lebanese singer and “Queen of the Stage” Myriam Fares documents her experiences with her family while in lockdown.",2021,2.2,202
Carnaval,Leandro Neri,"Giovana Cordeiro, Gkay, Bruna Inocencio, Samya Pascotto, Flavia Pavanelli, Micael Borges, Jean Pedro, Rafael Medrado, Nikolas Antunes, Stella Miranda",TV-MA,95,"After a breakup, an influencer takes her friends on a free trip to Bahia's vibrant Carnival, where she learns life's not just about social media likes.",2021,4.1,1068
Super Monsters: Once Upon a Rhyme,Steve Ball,"Elyse Maloway, Vincent Tong, Andrea Libman, Alessandro Juliani, Nicole Anthony, Erin Mathews, Diana Kaarina, Gigi Saul Guerrero, Asia Mattu, Rukiya Bernard, Ian James Corlett, Britt McKillip",TV-Y,25,"From Goldilocks to Hansel and Gretel, the Super Monsters reimagine classic fairy tales and favorite nursery rhymes with a musical, magical spin!",2021,5.6,53
Bo Burnham: Inside,Bo Burnham,Bo Burnham,TV-MA,88,"A new comedy special shot and performed by Bo Burnham, alone, over the course of the past year.",2021,8.6,56936
One Lagos Night,Ekene Som Mekwunye,"Frank Donga, Gold Ikponmwosa, Ali Nuhu, Eniola Badmus, Ogbolor, Genoveva Umeh, Gbubemi Ejeye, Ajayi Akorede, Serge Noujaim",TV-14,103,"A desperate man attempts to burglarize the home of a wealthy woman, but finds himself face-to-face with a crew of armed robbers who have the same idea.",2021,6.7,23
Blue Miracle,Julio Quintana,"Jimmy Gonzales, Dennis Quaid, Anthony Gonzalez, Bruce McGill, Raymond Cruz, Nathan Arenas, Miguel Angel Garcia, Isaac Arellanes, Steve Gutierrez, Dana Wheeler-Nicholson, Fernanda Urrejola, Silverio Palacios",TV-PG,97,"To save their cash-strapped orphanage, a guardian and his kids partner with a washed-up boat captain for a chance to win a lucrative fishing competition.",2021,6.6,8318
Ghost Lab,Paween Purijitpanya,"Thanapob Leeratanakachorn, Paris Intarakomalyasut, Nuttanicha Dungwattanawanich, Suquan Bulakul, Rachanee Siralert, Chaleeda Gilbert, Nuttawut Jenmana, Alanta Potjes, Anchuleeon Buagaew, Jinjuta Rattanaburi",TV-MA,118,"After witnessing a haunting in their hospital, two doctors become dangerously obsessed with obtaining scientific proof that ghosts exist.",2021,5.2,1714
Soy Rada: Serendipity,Pablo Faro,Agustín Aristarán,TV-MA,70,"The delightful Argentine comic Agustín Aristarán (aka Soy Rada) is back, this time putting the spotlight on family and parenting, magic and music.",2021,,89
Baggio: The Divine Ponytail,Letizia Lamartire,"Andrea Arcangeli, Valentina Bellè, Andrea Pennacchi, Antonio Zavatteri, Anna Ferruzzo, Riccardo Goretti, Thomas Trabacchi, Marc Clotet, Martufello",TV-MA,92,"The story of Roberto Baggio, one of the best soccer players of all time, including his career highs, triumphs over injuries and discovery of Buddhism.",2021,6.1,5303
Nail Bomber: Manhunt,Daniel Vernon,,TV-MA,73,"This documentary examines the 1999 London bombings that targeted Black, Bangladeshi and gay communities, and the race to find the far-right perpetrator.",2021,6.3,2557
99 Songs,Vishwesh Krishnamoorthy,"Ehan Bhat, Edilsy Vargas, Manisha Koirala, Lisa Ray, Tenzin Dalha, Warina Hussain, Ranjit Barot, Neel Tyagi, Rahul Ram, Diwakar Pundir",TV-14,131,"Challenged to compose 100 songs before he can marry the girl he loves, a tortured but passionate singer-songwriter embarks on a poignant musical journey.",2019,6.5,2375
Army of the Dead,Zack Snyder,"Dave Bautista, Ella Purnell, Omari Hardwick, Garret Dillahunt, Ana de la Reguera, Theo Rossi, Matthias Schweighöfer, Nora Arnezeder, Hiroyuki Sanada, Tig Notaro, Raúl Castillo, Huma Qureshi, Samantha Win, Richard Cetrone, Michael Cassidy",R,148,"After a zombie outbreak in Las Vegas, a group of mercenaries takes the ultimate gamble by venturing into the quarantine zone for the greatest heist ever.",2021,5.8,193586
Creating an Army of the Dead,,,TV-MA,29,"Zack Snyder and his ""Army of the Dead"" team dive into the film's wild stunts, groundbreaking effects and the evolution of the zombie genre.",2021,,20
Amy Tan: Unintended Memoir,James Redford,Amy Tan,TV-14,101,"From her painful past to her successful career after ""The Joy Luck Club,"" groundbreaking writer Amy Tan shares her life story in this documentary.",2021,7.8,375
Sardar Ka Grandson,Kaashvie Nair,"Arjun Kapoor, Neena Gupta, Rakul Preet Singh, Kumud Mishra, Aditi Rao Hydari, John Abraham, Kanwaljeet Singh, Soni Razdan, Masood Akhtar, Divya Seth, Ravjeet Singh, Akashdeep Sabir",TV-14,140,"A devoted grandson’s mission to reunite his ailing grandmother with her ancestral home turns into a complicated, comic cross-border affair.",2021,4.3,4894
Ahaan,Nikhil Pherwani,"Arif Zakaria, Abuli Mamaji, Niharika Singh, Rajit Kapoor, Plabita Borthakur, Shilpa Mehta, Kaizaad Kotwal, Sonali Sachdev, Haresh Raut",TV-MA,81,"Jilted by his wife, a man with OCD finds eye-opening common ground and camaraderie with his neighbor, a young man with Down Syndrome.",2019,7.0,390
Cinema Bandi,Praveen Kandregula,"Vikas Vasistha, Sandeep Varanasi, Rag Mayur, Trishara, Munivenkatapa, Uma Yg, Sirivennela Yanamandhala, Sindhu Sreenivasa Murthy",TV-MA,99,A struggling rickshaw driver’s life takes a rollicking turn when he comes upon an expensive camera and decides to make a film with his fellow villagers.,2021,7.9,3210
Ferry,Cecilia Verheyden,"Frank Lammers, Elise Schaap, Huub Stapel, Monic Hendrickx, Raymond Thiry, Maarten Heijmans, Yannick van de Velde",TV-MA,107,"Before he built a drug empire, Ferry Bouman returns to his hometown on a revenge mission that finds his loyalty tested — and a love that alters his life.",2021,7.0,13483
I Am All Girls,Donovan Marsh,"Erica Wessels, Hlubi Mboya, Deon Lotz, Brendon Daniels, Mothusi Magano",TV-MA,107,A relentless detective finds common ground with a killer systematically targeting the perpetrators running a powerful child-trafficking ring.,2021,6.0,7480
Jungle Beat: The Movie,Brent Dawes,"Ed Kear, David Menkin, Ina Marie Smith, John Guerrasio, David Rintoul, Gavin Peter, Lucy Montgomery, Florrie Wilkinson, Adam Neill, Jason Pennycooke",TV-Y7,90,"When a lost and lonely alien crash-lands on Earth, his new crew of talking animal friends helps him get back home — and try to save the world!",2020,5.4,1352
The Woman in the Window,Joe Wright,"Amy Adams, Gary Oldman, Anthony Mackie, Fred Hechinger, Wyatt Russell, Brian Tyree Henry, Jennifer Jason Leigh, Jeanine Serralles, Mariah Bozeman, Julianne Moore",R,102,"Confined to her home by agoraphobia, a psychologist becomes obsessed with her new neighbors — and solving a brutal crime she witnesses from her window.",2021,5.7,85761
Oxygen,Alexandre Aja,"Mélanie Laurent, Mathieu Amalric, Malik Zidi",TV-14,102,"After waking up in a cryogenic unit, Liz fights to survive and remember who she is before her oxygen runs out.",2021,6.5,45977
Nayattu,Martin Prakkat,"Kunchacko Boban, Joju George, Nimisha Sajayan, Jaffer Idukki, Yama Gilgamesh, Anil Nedumangad, Dineesh P, Vinod Sagar",TV-MA,122,Three police officers become pawns for unscrupulous lawmakers when they are framed in an incident amid political elections and must flee to evade arrest.,2021,8.1,9207
Super Me,Zhang Chong,"Darren Wang, Song Jia, Cao Bingkun, Wu Gang, Chin Shih-chieh, Wang Ziyi, Kevin Lee",TV-14,104,A struggling screenwriter discovers his lucrative ability to bring antiques from his dreams into the real world — but his new life soon unravels.,2019,5.8,2095
Milestone,Ivan Ayr,"Suvinder Vicky, Lakshvir Saran, Mohinder Gujral, Gurinder Makna, Daljeet Singh, Akhilesh Kumar, Gaurika Bhatt, Arun Aseng",TV-14,98,"Recently marking 500,000 kilometers on the road, a newly bereaved trucker faces the threat of losing the job that has come to define him to a new intern.",2020,6.7,772
Monster,Anthony Mandler,"Kelvin Harrison Jr., Jennifer Hudson, Jeffrey Wright, Jennifer Ehle, Tim Blake Nelson, Nasir 'Nas' Jones, Rakim Mayers, Paul Ben-Victor, John David Washington, Jharrel Jerome, Dorian Missick",TV-MA,99,A talented teen implicated in a robbery-turned-murder fights for his innocence and integrity against a criminal justice system that’s already judged him.,2003,7.3,166588
The Disciple,Chaitanya Tamhane,"Aditya Modak, Arun Dravid, Sumitra Bhave, Deepika Bhide Bhagwat, Kiran Yadnyopavit, Abhishek Kale, Neela Khedkar, Makarand Mukund, Kristy Banerjee, Prasad Vanarse",TV-MA,128,"Self-doubt, sacrifice and struggle converge into an existential crisis for a devoted classical vocalist as the mastery he strives for remains elusive.",2020,7.1,3164
Things Heard & Seen,"Robert Pulcini, Shari Springer Berman","Amanda Seyfried, James Norton, Natalia Dyer, Alex Neustaedter, F. Murray Abraham, Rhea Seehorn, Michael O'Keefe, Karen Allen, Jack Gore, James Urbaniak, Ana Sophia Heger",TV-MA,121,A young woman discovers that both her husband and their new home harbor sinister secrets after they leave Manhattan for small-town life.,2021,5.3,37384
Get the Grift,Pedro Antonio,"Marcus Majella, Samantha Schmütz, Caito Mainier, Pedroca Monteiro, Thelmo Fernandes, Zeca Carvalho, Pablo Sanabio, Luan Caruzo",TV-MA,95,"After a botched scam, Clóvis bumps into Lohane, his estranged foster sister. In a bind, they soon realize the only way out is to band together.",2021,5.4,888
Stowaway,Joe Penna,"Anna Kendrick, Toni Collette, Daniel Dae Kim, Shamier Anderson",TV-MA,116,A three-person crew on a mission to Mars faces an impossible choice when an unplanned passenger jeopardizes the lives of everyone on board.,2021,5.7,54023
Tell Me When,Gerardo Gatica,"Jesús Zavala, Ximena Romo, Verónica Castro, José Carlos Ruiz, Gabriel Nuncio, Rosa María Bianchi, Héctor Bonilla, Andrés Almeida",TV-MA,97,Workaholic Will puts his humdrum life in LA on hold to fulfill his grandpa's last wish: visiting Mexico City's most iconic sights and falling in love.,2020,5.8,1194
Ajeeb Daastaans,"Shashank Khaitan, Raj Mehta, Neeraj Ghaywan, Kayoze Irani","Fatima Sana Shaikh, Jaideep Ahlawat, Armaan Ralhan, Nushrat Bharucha, Abhishek Banerjee, Inayat Verma, Konkona Sen Sharma, Aditi Rao Hydari, Shefali Shah, Manav Kaul, Tota Roy Chowdhury",TV-MA,142,Four shorts explore the surprising ways in which unexpected catalysts inflame the uncomfortable emotions simmering under fractured relationships.,2021,6.7,6522
Arlo the Alligator Boy,Ryan Crego,"Michael J. Woodard, Mary Lambert, Brett Gelman, Jonathan Van Ness, Tony Hale, Haley Tju, Annie Potts, Vincent Rodriguez III, Flea, Jennifer Coolidge",TV-Y7,93,"To find the father he never knew, optimistic Arlo leaves his swampy Southern home for New York City, making friends along the way. A musical adventure.",2021,6.4,1285
Ride or Die,Ryuichi Hiroki,"Kiko Mizuhara, Honami Sato, Yoko Maki, Anne Suzuki, Tetsushi Tanaka, Sara Minami, Yui Uemura, Shinya Niiro, Shunsuke Tanaka, Setsuko Karasuma",TV-MA,143,"Rei helps the woman she’s been in love with for years escape her abusive husband. While on the run, their feelings for each other catch fire.",2021,5.6,2697
The Soul,Cheng Wei-hao,"Chang Chen, Janine Chang, Christopher Lee, Anke Sun, Lin Hui-min, Samuel Ku, Zhang Bojia, Lu Hsueh-feng",TV-MA,130,"While investigating the death of a businessman, a prosecutor and his wife uncover occult secrets as they face their own life-and-death dilemma.",2021,6.6,3478
Why Did You Kill Me?,Fredrick Munk,,TV-MA,84,The line between justice and revenge blurs when a devastated family uses social media to track down the people who killed 24-year-old Crystal Theobald.,2021,5.6,4898
New Gods: Nezha Reborn,Zhao Ji,"Yang Tianxiang, Zhang He, Xuan Xiaoming, Li Shimeng",TV-14,118,"While living as an ordinary deliveryman and motor racing fan, Nezha encounters old nemeses and must rediscover his powers to protect his loved ones.",2021,6.8,4075
Night in Paradise,Park Hoon-jung,"Um Tae-goo, Jeon Yeo-been, Cha Seoung-won, Lee Ki-young, Park Ho-san",TV-MA,132,"Hiding out in Jeju Island following a brutal tragedy, a wronged mobster with a target on his back connects with a woman who has her own demons.",2020,6.8,9399
Roohi,Hardik Mehta,"Rajkummar Rao, Varun Sharma, Janhvi Kapoor, Manav Vij, Sarita Joshi, Anuraag Arora, Alexx O'Nell, Rajesh Jais",TV-14,133,"Hired to kidnap a bride, two bumbling pals face a wacky predicament when one falls for their abductee — and the other, for the spirit possessing her.",2021,4.3,11171
Thunder Force,Ben Falcone,"Melissa McCarthy, Octavia Spencer, Jason Bateman, Bobby Cannavale, Pom Klementieff, Melissa Leo, Taylor Mosby, Marcella Lowery, Melissa Ponzio",PG-13,107,Two childhood best friends reunite as an unlikely crime-fighting superhero duo when one invents a formula that gives ordinary people superpowers.,2021,4.6,46278
Two Distant Strangers,"Travon Free, Martin Desmond Roe","Joey Bada$$, Andrew Howard, Zaria",TV-MA,32,"In this Oscar-nominated short film, a man trying to go home to his dog gets stuck in a time loop that forces him to relive a deadly run-in with a cop.",2020,6.9,21233
Dolly Parton: A MusiCares Tribute,,Dolly Parton,TV-PG,55,"In a star-studded evening of music and memories, a community of iconic performers honor Dolly Parton as the MusiCares Person of the Year.",2021,6.6,302
The Last Kids on Earth: Happy Apocalypse to You,Steve Rolston,"Nick Wolfhard, Charles Demers, Montse Hernandez, Garland Whitt, Bruce Campbell, Catherine O'Hara, Brian Drummond, Giles Panton",TV-Y7,92,"Help Jack and his monster-battling friends make choices to stay alive — and have some fun — in this interactive ""Last Kids on Earth"" adventure!",2021,7.0,30
Mandela,Madonne Ashwin,"Yogi Babu, Sheela Rajkumar, Sangili Murugan, G. M. Sundhar",TV-14,140,"Amid a local election with two rivals vying to win by any means necessary, a barber lands in a curiously powerful position as the single deciding vote.",2021,8.4,8681
Concrete Cowboy,Ricky Staub,"Idris Elba, Caleb McLaughlin, Jharrel Jerome, Byron Bowers, Lorraine Toussaint, Method Man, Ivannah Mercedes, Jamil Prattis, Liz Priestley",R,112,"Sent to live with his estranged father for the summer, a rebellious teen finds kinship in a tight-knit Philadelphia community of Black cowboys.",2020,6.3,9955
Irul,Naseef Yusuf Izuddin,"Fahadh Faasil, Soubin Shahir, Darshana Rajendran",TV-MA,91,"When a car breakdown forces a couple to seek shelter in a nearby home, conversations with the stranger inside soon suggest there’s a killer among them.",2021,5.8,3670
Just Say Yes,"Appie Boudellah, Aram van de Rest","Yolanthe Cabau, Noortje Herlaar, Kim-Lian van der Meij, Nienke Plas, Pip Pellens, Jim Bakkum, Huub Smit, Edwin Jonker",TV-MA,98,Incurable romantic Lotte finds her life upended when her plans for a picture-perfect wedding unravel — just as her self-absorbed sister gets engaged.,2021,4.6,2176
Madame Claude,Sylvie Verheyde,"Karole Rocher, Garance Marillier, Roschdy Zem, Pierre Deladonchamps, Liah O'Prey, Paul Hamy, Mylène Jampanoï, Hafsia Herzi, Regina Anikiy, Annabelle Belmondo, Joséphine de La Baume",TV-MA,113,"In 1960s Paris, Madame Claude's influence extends beyond the world of sex work — until an affluent young woman threatens to change everything.",2021,5.4,4166
7 Yards: The Chris Norton Story,Jonathon Link,Chris Norton,TV-PG,93,"The true story of former college football player Chris Norton, who defied the odds after a devastating accident — with the woman he loves by his side.",2021,7.8,310
Marked,Nadine Ibrahim,,TV-PG,21,"This documentary explores Nigeria’s cultural practice of marking, including its origins and meaning as a symbol of identity, beauty and spirituality.",2007,3.3,138
A Week Away,Roman White,"Kevin Quinn, Bailee Madison, Jahbril Cook, Kat Conner Sterling, Sherri Shepherd, David Koechner, Iain Tucker, Amy Grant",TV-PG,98,"In this uplifting musical, a troubled teen takes a leap of faith by attending summer camp — and unexpectedly finds love, friends and a place to belong.",2021,5.8,5616
Bad Trip,,"Eric André, Lil Rel Howery, Tiffany Haddish, Michaela Conlin",TV-MA,87,"In this hidden-camera prank comedy, two best friends bond on a wild road trip to New York as they pull real people into their raunchy, raucous antics.",2021,6.5,27921
Pagglait,Umesh Bist,"Sanya Malhotra, Sayani Gupta, Ashutosh Rana, Raghuvir Yadav, Shruti Sharma, Sheeba Chaddha, Natasha Rastogi, Rajesh Tailang, Meghna Malik, Jameel Khan, Chetan Sharma, Ananya Khare, Bhupesh Pandya",TV-PG,114,"Widowed soon after marriage, a young woman grapples with an inability to grieve, quirky relatives and a startling discovery about her late husband.",2021,6.9,10527
Caught by a Wave,Massimiliano Camaiti,"Elvira Camarrone, Christian Roberto, Donatella Finocchiaro, Corrado Invernizzi, Vincenzo Amato, Manuela Ventura, Rosalba Battaglia, Daniele Pilli",TV-14,100,"After falling in love at a sailing summer camp in Sicily, reality comes crashing down on a teenage couple when a harsh truth prompts a pivotal decision.",2021,5.8,1586
Secret Magic Control Agency,Aleksey Tsitsilin,"Nicholas Corda, Sylvana Joyce, Alyson Leigh Rosenfeld, Courtney Shaw, Erica Schroeder, Georgette Timoney, Mary O'Brady, Marc Thompson",TV-Y7,105,"Hansel and Gretel of fairy tale fame — now acting as secret agents — must use magic, clever thinking and teamwork on a mission to find a missing king.",2021,6.2,4985
Seaspiracy,Ali Tabrizi,,TV-14,90,"Passionate about ocean life, a filmmaker sets out to document the harm that humans do to marine species — and uncovers alarming global corruption.",2021,8.1,34660
Loyiso Gola: Unlearning,Kagiso Lediga,Loyiso Gola,TV-MA,60,"South African comedian Loyiso Gola serves up filter-free humor as he riffs about race, identity, politics, and a school prank gone embarrassingly wrong!",2021,6.0,223
Deadly Illusions,Anna Elizabeth James,"Kristin Davis, Dermot Mulroney, Greer Grammer, Shanola Hampton, Marie Wagenman, Shylo Molina, Abella Bala, Shaun Wu",R,115,"After a bestselling novelist suffering from writer's block hires a new nanny for her children, the line between fiction and reality starts to blur.",2021,3.8,13950
Nate Bargatze: The Greatest Average American,Troy Miller,Nate Bargatze,TV-G,60,"Nate Bargatze touches on Zoom comedy shows, losing his phone, hotel breakfast fails, animal caddies, new math and much more in this special.",2021,7.4,2381
RebellComedy: Straight Outta the Zoo,Ladislaus Kiraly,"Khalid Bounouar, Alain Frei, Babak Ghassim, Benaissa Lamroubal, Salim Samatou, Hany Siam, Ususmango, DJ Wati",TV-MA,74,"The comics of RebellComedy take the stage and tackle mistaken identities, geriatric influencers, our flawed perceptions of animals and more.",2021,4.8,47
C/O Kaadhal,Hemambar Jasti,"Deepann, Vetri, Mumtaz Sorcar, Ayra, Karthik Rathnam, Sonia Giri, Nishesh, Shwetha",TV-14,131,"Cutting across conventions and expectations, four brave love stories blossom in this Tamil remake of the 2018 Telugu film ""Care of Kancharapalem.”",2021,7.7,401
Paper Lives,Can Ulkay,"Çağatay Ulusoy, Emir Ali Doğrul, Ersin Arıcı, Turgay Tanülkü, Selen Öztürk, Osman İskender Bayer, Tomris Çetinel, Volkan Çalışkan, Mehmet Bahattin Genç, Okşan Büyük",TV-MA,97,"In the streets of Istanbul, ailing waste warehouse worker Mehmet takes a small boy under his wing and must soon confront his own traumatic childhood.",2021,6.6,14096
Bombay Rose,Gitanjali Rao,"Cyli Khare, Gargi Shitole, Amardeep Jha, Amit Deondi, Makrand Deshpande, Virendra Saxena, Shishir Sharma",PG-13,97,"Amidst the bustle of a magnetic and multifaceted city, the budding love between two dreamers is tested.",2019,6.5,838
Aelay,Halitha Shameem,"P. Samuthirakani, Manikandan, Madhumathi Padmanathan, Akalyadevi B., S I Neelambari",TV-14,151,"A son stoically returns to his village upon his father’s death, recalling their chilly dynamic before a bizarre event disrupts his visit.",2021,7.0,749
Dogwashers,Carlos Moreno,"Christian Tappan, Anderson Ballesteros, John Álex Toro, Ulises González, Leonor López, Hector Mauricio Mejia, Johnnie Castillo, Isabella Licht Delgado, Marlon Pérez Cruz, Kevin Andrés Muñoz",TV-MA,108,"When a narco past his prime refuses to pay a debt to an upstart, only a secret stash of money can save his men. But guess what the gardener just found?",2020,5.7,666
Sentinelle,Julien Leclercq,"Olga Kurylenko, Marilyn Lima, Michel Nabokoff, Martin Swabey, Carole Weyers, Andrey Gorlenko, Antonia Malinova, Gabriel Almaer, Blaise Afonso, Guillaume Duhesme, Michel Biel",TV-MA,81,"Transferred home after a traumatizing combat mission, a highly trained French soldier uses her lethal skills to hunt down the man who hurt her sister.",2021,4.8,8952
Moxie,Amy Poehler,"Hadley Robinson, Lauren Tsai, Patrick Schwarzenegger, Nico Hiraga, Sydney Park, Josephine Langford, Clark Gregg, Josie Totah, Alycia  Pascual-Peña, Anjelika Washington, Charlie Hall, Sabrina Haskett, Ike Barinholtz, Amy Poehler, Marcia Gay Harden",PG-13,112,"Inspired by her mom's rebellious past and a confident new friend, a shy 16-year-old publishes an anonymous zine calling out sexism at her school.",2021,6.7,29348
Biggie: I Got a Story to Tell,Emmett Malloy,"The Notorious B.I.G., Sean ""P. Diddy"" Combs",R,98,"Featuring rare footage and in-depth interviews, this documentary celebrates the life of The Notorious B.I.G. on his journey from hustler to rap king.",2021,6.8,5640
Connected,Milton Kremer,"Hernán Cattáneo, Richard Coleman",TV-G,42,"Argentine DJ Hernán Cattáneo, known for his house music innovations, invites a symphonic orchestra for a four-night run at Buenos Aires' Teatro Colón.",2008,6.6,2563
Bigfoot Family,"Jérémie Degruson, Ben Stassen","Jules Wojciechowski, Roger Craig Smith, Grant George, David Lodge, Lindsey Alena, Sandy Fox, Joey Lotsko",TV-Y7,88,"Bigfoot’s now a big deal. So when he goes missing, his shy but tech-savvy teen son must take on an evil CEO to save his family and a wildlife preserve.",2020,5.8,3703
Crazy About Her,Dani de la Orden,"Álvaro Cervantes, Susana Abaitua, Luis Zahera, Clara Segura, Aixa Villagrán, Paula Malia, Nil Cardoner, Txell Aixendri, Alberto San Juan",TV-MA,107,"After spending a wild night together, Adri discovers the only way to see Carla again is to become a patient at the psychiatric center where she resides.",2021,6.6,6662
The Girl on the Train,Ribhu Dasgupta,"Parineeti Chopra, Aditi Rao Hydari, Kirti Kulhari, Avinash Tiwary, Tota Roy Chowdhury",TV-MA,120,A troubled divorcée fixates on a seemingly ideal couple from afar until a shocking observation sends her spiraling straight into a knotty murder case.,2016,6.5,203817
Geez & Ann,Rizki Balki,"Hanggini, Junior Roberts, Roy Sungkono, Shenina Cinnamon, Ashira Zamita, Amel Carla, Davina Karamoy, Naimma Aljufri, Andi Viola, Jasmine Elfira Burhan, Kezia Aletheia, Dewi Rezer, Ersa Mayori, Indra Brasco, Bobby Samuel, Ady Sky, Farhan Rasyid",TV-PG,106,"After falling for Geez, a heartthrob at school, Ann must confront family opposition, heartache and deception as their romance struggles.",2021,5.1,334
Brian Regan: On the Rocks,Troy Miller,Brian Regan,TV-G,58,"Brian Regan tackles the big issues weighing on him, including aging, time, obsessive behavior, backpacks on airplanes, ungrateful horses and raisins.",2021,6.9,764
Pelé,"David Tryhorn, Ben Nicholas",,TV-14,109,"Against the backdrop of a turbulent era in Brazil, this documentary captures Pelé’s extraordinary path from breakthrough talent to national hero.",2021,7.0,5815
Fate: The Winx Saga - The Afterparty,,"David Spade, London Hughes, Fortune Feimster, Abigail Cowen, Hannah Van Der Westhuysen, Precious Mustapha, Eliot Salt, Elisha Applebaum",TV-14,36,"Stars of the fiery hit discuss the show's magic, play trivia and chow down on hot wings. Then, Taylor Tomlinson shares how she would use fairy powers.",2021,6.4,169
I Care a Lot,J Blakeson,"Rosamund Pike, Peter Dinklage, Eiza González, Dianne Wiest, Chris Messina, Isiah Whitlock Jr., Macon Blair, Alicia Witt, Damian Young",R,118,A court-appointed legal guardian defrauds her older clients and traps them under her care. But her latest mark comes with some unexpected baggage.,2020,6.4,150436
Animals on the Loose: A You vs. Wild Movie,Ben Simms,Bear Grylls,TV-PG,139,"When wild animals escape from a sanctuary, Bear Grylls — and you — must pursue them and secure their protective habitat. An interactive special.",2021,5.8,1066
Namaste Wahala,Hamisha Daryani Ahuja,"Ini Dima-Okojie, Ruslaan Mumtaz, Richard Mofe-Damijo, Joke Silva, Sujata Sehgal, Koye Kekere Ekun, Hamisha Daryani Ahuja, Anee Icha, Ibrahim Suleiman, Osas Ighodaro, Broda Shaggi",TV-14,107,An interracial romance hits humorous and heart-wrenching hiccups as the couple's parents fight tooth and nail against their relationship.,2021,4.9,1647
Hate by Dani Rovira,Mario Briongos,Dani Rovira,TV-MA,83,"From his hometown of Málaga, Dani Rovira reflects on human beings’ nonsensical hatred in this hilarious and unfiltered comedy special.",2021,6.7,471
Xico's Journey,Eric D. Cabello Díaz,"Verónica Alva, Pablo Gama Iturrarán “Mago Gamini”, Luis Ángel Jaramillo, Lila Downs, Elena Poniatowska, Verónica Castro, Enrique Guzmán, Alex Lora, Marco Antonio Solís, Víctor Trujillo",TV-Y7,87,"A girl, a dog and her best pal set out to save a mountain from a gold-hungry corporation. But the key lies closer to home, with her sidekick pup, Xico.",2020,5.2,669
Red Dot,Alain Darborg,"Nanna Blondell, Anastasios Soulis, Thomas Hanzon, Johannes Kuhnke, Tomas Bergström, Kalled Mustonen, Anna Azcárate",TV-MA,86,"Trying to rekindle their marriage and with a child on the way, a young couple on a ski trip suddenly finds themselves stalked by remorseless killers.",2021,5.5,15083
Squared Love,Filip Zylber,"Adrianna Chlebicka, Mateusz Banasiuk, Agnieszka Żulewska, Krzysztof Czeczot, Mirosław Baka, Tomasz Karolak, Bartłomiej Kotschedoff, Jacek Knap, Anna Smołowik, Helena Mazur, Sebastian Stankiewicz",TV-14,102,A celebrity journalist and renowned womanizer starts to rethink his life choices after he falls for a mysterious model who leads a double life.,2021,5.1,3909
The Misadventures of Hedi and Cokeman,Julien Royal,"Hedi Bouchenafa, Nassim Lyes, Fred Testot, Julie Ferrier, Benjamin Tranié, Hugues Jourdain, Charlotte Gabris, Vincent Desagnat, Nina Kepekian, Hakim Jemili, Bun-hay Mean",TV-MA,99,"In Paris, two dysfunctional dealers use family ties to try to boost their small drug business in this crass comedy based on the webseries.",2021,4.5,769
Malcolm & Marie,Sam Levinson,"Zendaya, John David Washington",R,106,"As a filmmaker and his girlfriend return home from his movie premiere, smoldering tensions and painful revelations push them toward a romantic reckoning.",2021,6.6,42160
Space Sweepers,Jo Sung-hee,"Song Joong-ki, Kim Tae-ri, Jin Sun-kyu, Yoo Hai-jin, Richard Armitage, Park Ye-rin",TV-MA,138,"Chasing after space debris and faraway dreams in year 2092, four misfits unearth explosive secrets during the attempted trade of a wide-eyed humanoid.",2021,6.5,29661
"Strip Down, Rise Up",Michèle Ohayon,,R,113,"In an effort to reclaim their bodies and lives, a group of women explore the intersections of movement and meaning in a powerful pole dancing program.",2021,5.5,751
Below Zero,Lluís Quílez,"Javier Gutiérrez, Karra Elejalde, Luis Callejo, Andrés Gertrúdix, Isak Ferriz, Édgar Vittorino, Miquel Gelabert, Florin Opritescu, Àlex Monner, Patrick Criado",TV-MA,107,"When a prisoner transfer van is attacked, the cop in charge must fight those inside and outside while dealing with a silent foe: the icy temperatures.",2021,6.2,21913
The Dig,Simon Stone,"Carey Mulligan, Ralph Fiennes, Lily James, Johnny Flynn, Ben Chaplin, Ken Stott",PG-13,113,"On the eve of World War II, a British widow hires a self-taught archaeologist to dig up mysterious formations on her land, leading to a staggering find.",2021,7.1,84823
Accomplice,Jeremy Grant,"Kurt Sorge, Tom Van Steenbergen, Cameron Zink, Graham Agassiz, Tyler McCaul, Cameron McCaul, Ethan Nell, Hannah Bergemann, Carson Storch, Brandon Semenuk, Veronique Sandler, Nico Vink, Garett Buehler, Jaxson Riddle, Andreu Lacondeguy, Paul Genovese, Paul Basagoitia",TV-14,52,Traverse the globe with the world's top riders as they pedal through rugged terrain and majestic locations in this visual homage to the bicycle.,2020,7.2,425
Penguin Bloom,Glendyn Ivin,"Naomi Watts, Andrew Lincoln, Jacki Weaver, Griffin Murray-Johnston, Rachel House, Leeanna Walsman, Lisa Hensley, Felix Cameron, Abe Clifford-Barr",TV-14,95,"As a mom copes with the aftermath of a harrowing accident, she finds inspiration from an injured magpie taken in by her family. Based on a true story.",2020,6.8,12785
The White Tiger,Ramin Bahrani,"Adarsh Gourav, Rajkummar Rao, Priyanka Chopra Jonas, Mahesh Manjrekar, Vijay Maurya",R,127,The ambitious driver for a rich Indian family uses his wit and cunning to escape from poverty and become an entrepreneur. Based on the bestselling novel.,2021,7.1,67161
Outside the Wire,Mikael Håfström,"Anthony Mackie, Damson Idris, Emily Beecham, Michael Kelly, Pilou Asbæk",R,116,"In the near future, a drone pilot sent into a war zone finds himself paired with a top-secret android officer on a mission to stop a nuclear attack.",2021,5.4,46325
What Would Sophia Loren Do?,Ross Kauffman,"Nancy ""Vincenza Careri"" Kulik, Sophia Loren",TV-14,32,"In this delightful short documentary, an Italian American grandmother and film buff finds strength and joy in the life of her screen idol, Sophia Loren.",2021,6.6,883
Wish You,Sung Do-jun,"Kang In-soo, Lee Sang, Soo-bin",TV-PG,102,"Singing and dreaming together, a talented singer-songwriter and a same-aged keyboardist add harmony and love to each other’s lives.",2021,6.4,1356
Chris Rock Total Blackout: The Tamborine Extended Cut,Chris Rock,Chris Rock,TV-MA,98,"In this extended cut of his 2018 special, Chris Rock takes the stage for a special filled with searing observations on fatherhood, infidelity and politics.",2021,7.0,635
"Crack: Cocaine, Corruption & Conspiracy",Stanley Nelson,,TV-MA,90,"A cheap, powerful drug emerges during a recession, igniting a moral panic fueled by racism. Explore the complex history of crack in the 1980s.",2021,6.7,3949
Charming,Ross Venokur,"Wilmer Valderrama, Demi Lovato, Sia, Nia Vardalos, Ashley Tisdale, Avril Lavigne, G.E.M., John Cleese, Chris Harrison, Dee Bradley Baker, Carlos Alazraqui",TV-Y7,85,"On the eve of his 21st birthday, an adored prince must find his one, true soulmate before a spell takes away all love from his kingdom.",2018,5.6,4030
Stuck Apart,,"Engin Günaydın, Haluk Bilginer, Binnur Kaya, Öner Erkan, İrem Sak, Fatih Artman, Gülçin Santırcıoğlu, İlker Aksum, Hülya Duyar, Göktuğ Yıldırım, Helin Kandemir",TV-MA,97,"Entrenched in a midlife crisis, Aziz seeks solace from his mundane job, lonesome friends and rowdy family while pretending to have his act together.",2021,6.0,11513
The Minimalists: Less Is Now,,,TV-14,54,They've built a movement out of minimalism. Longtime friends Joshua Fields Millburn and Ryan Nicodemus share how our lives can be better with less.,2021,5.9,5236
What Happened to Mr. Cha?,Kim Dong-kyu,"Cha In-pyo, Cho Dal-hwan, Song Jae-ryong",TV-MA,102,"With the peak of his career long behind him, an actor clings to his past glory — until a sudden wake-up call forces him to face who he's become.",2021,4.4,403
